Volcano Number,Volcano Name,Region,Estimate method,Recorded small eruptions,Recorded large eruptions,Recorded unknown eruptions,Jenkins classification,Whelley classification,Probability of eruption 5th percentile,Probability of eruption 50th percentile,Probability of eruption 95th percentile,<= VEI 3 5th percentile,<= VEI 3 50th percentile,<= VEI 3 95th percentile,VEI 4 5th percentile,VEI 4 50th percentile,VEI 4 95th percentile,VEI 5 5th percentile,VEI 5 50th percentile,VEI 5 95th percentile,VEI 6 5th percentile,VEI 6 50th percentile,VEI 6 95th percentile,VEI 7 5th percentile,VEI 7 50th percentile,VEI 7 95th percentile
264020,Agung,Indonesia,Bayesian update,2,2,0,Large cone,Open-vent stratocone,0.008231248853061052,0.01270100783828973,0.01921070709930375,0.008037683677938664,0.010749217726491426,0.01373809015208586,0.00010889768635698589,0.0010508930512044407,0.002858521386926453,5.90598055582036e-05,0.0006211718523434859,0.001767456907738958,1.6899679041574433e-05,0.00018724447756575678,0.0005730095634500357,8.708004165625932e-06,9.248073068461962e-05,0.0002736290891024466
268072,Amasing,Indonesia,Analogue,0,0,0,Large cone,Semi-plugged stratocone,6.137589145756762e-05,0.002059096311003254,0.011617523962056918,5.502413661914571e-05,0.0018614480283741807,0.01048417482258878,4.5514249595607195e-06,0.00013742238703725606,0.0007864301406509583,1.4548104074929403e-06,4.895845159771814e-05,0.0002825365721513822,3.1716385884878613e-07,1.0252840746757173e-05,5.746717610892824e-05,2.835561251946697e-08,1.0146032473420938e-06,6.9152505568684894e-06
273088,Ambalatungan Group,Philippines and SE Asia,Analogue,0,0,0,Large cone,Semi-plugged stratocone,6.241155966673026e-05,0.001990938641919704,0.011733799910344862,5.617318750329208e-05,0.0017935575517488513,0.01061604319306704,4.386341496560132e-06,0.00013756382646853944,0.0007724890211544124,1.4948475293358875e-06,4.878211683066064e-05,0.000279735103716258,3.295619485024937e-07,1.0023586584927247e-05,5.8278152880968695e-05,2.7621189039669376e-08,1.0115602867251e-06,7.254439526181941e-06
266020,Ambang,Indonesia,Bayesian update,1,0,1,Large cone,Semi-plugged stratocone,0.0026237843200557012,0.006513042904899381,0.01252094381629532,0.002452009660761626,0.004602223699646342,0.006879322745090506,9.324908584955206e-05,0.0010307360006333432,0.0030245545385739593,5.2163562575888295e-05,0.0005800676449239394,0.0017213087130766782,2.6362010868634598e-05,0.00030001555969575724,0.0008957578195541751,0.0,0.0,0.0
271030,Apo,Philippines and SE Asia,Analogue,0,0,0,Large cone,Semi-plugged stratocone,6.489675448442788e-05,0.002020380813713156,0.01181223885844884,5.800701485289379e-05,0.0018224424441333213,0.010679260454416308,5.004819242378194e-06,0.00013623359735326227,0.0007818470516449099,1.5364446918755712e-06,5.065361586679881e-05,0.00028526697354929115,3.1918238988796154e-07,1.0006856059052007e-05,5.867467754562548e-05,2.9293307392357296e-08,1.0443003007213493e-06,7.18970129270773e-06
273084,Arayat,Philippines and SE Asia,Analogue,0,0,0,Large cone,Semi-plugged stratocone,6.6242402944285e-05,0.002081561882482531,0.011714567896996373,5.9650793234416655e-05,0.0018801441291551465,0.01058432213270723,4.570652666590189e-06,0.00013843049281965454,0.0007773840882360612,1.6644566906179636e-06,5.204728357910581e-05,0.0002871693308615111,3.286619548441692e-07,9.915926904349367e-06,5.8632103269086076e-05,2.7838397816020158e-08,1.0240500242747098e-06,7.060241922484868e-06
263290,Arjuno-Welirang,Indonesia,Bayesian update,2,0,0,Large cone,Semi-plugged stratocone,0.003939021682841697,0.00826742731776672,0.014537273028968952,0.0037303810362722487,0.006198866703057864,0.008704201469477583,0.00012304473206818783,0.001198203621090069,0.003298191433134906,5.847644468756253e-05,0.0005789828949988146,0.0016736166808260233,1.973884979236454e-05,0.0002090147484308127,0.0006152128944783044,7.380620021334079e-06,8.235935018916009e-05,0.000246050551052136
267040,Awu,Indonesia,Bayesian update,12,2,0,Large cone,Semi-plugged stratocone,0.03899191583861509,0.05227039492077657,0.06893211949966586,0.03815278902793812,0.0455921825774077,0.05260339857886306,0.0005867481275744981,0.0042233983874212806,0.00970808107797273,0.00017531132009076974,0.0016960696210448442,0.004492957871716163,6.653659610757006e-05,0.0006470529812814485,0.001796026178162487,1.053076690413481e-05,0.00011169135362130357,0.00033165579295142136
274030,Babuyan Claro,Philippines and SE Asia,Bayesian update,6,1,0,Large cone,Semi-plugged stratocone,0.020546372934158844,0.029823546525402325,0.04193868791761377,0.020052510654080355,0.025319486582676264,0.03032246436653719,0.0003204191382604571,0.0027409404360368584,0.006751354046354977,0.00012119432397245332,0.001219062923456614,0.003301628625151483,3.9963563292559376e-05,0.0004183524853450519,0.001192616119601938,1.2285254553017901e-05,0.0001257040978875374,0.0003706247599681838
263351,Baluran,Indonesia,Analogue,0,0,0,Large cone,Well-plugged stratocone,6.908990859759095e-05,0.002010874944826264,0.011801846432627433,6.243634729129236e-05,0.0018138668849035017,0.010680167771845663,4.711227826128159e-06,0.000136014079758925,0.0007756923439003024,1.5836026285781895e-06,4.9925083574112346e-05,0.0002814583301991208,3.3179581865319604e-07,1.0027070006439055e-05,5.738330688881376e-05,2.6935032939044548e-08,1.0418265832855195e-06,7.144679793533193e-06
271010,Balut,Philippines and SE Asia,Analogue,0,0,0,Large cone,Semi-plugged stratocone,6.026223847739989e-05,0.002055718952999974,0.01159432448974406,5.406186738280571e-05,0.001855854605731794,0.010474933324986257,4.295065465990006e-06,0.00013929037116515783,0.0007651622589253997,1.576917835696301e-06,4.968611628021675e-05,0.000289221196861436,2.985781333605657e-07,9.822774870575836e-06,5.7634936137045856e-05,2.9809659547300744e-08,1.065084952229364e-06,7.37277283392026e-06
273050,Banahaw,Philippines and SE Asia,Analogue,0,0,0,Large cone,Semi-plugged stratocone,6.303501233461664e-05,0.002130146779198371,0.011743229029618801,5.664203147337214e-05,0.0019321233101172197,0.010622889772332236,4.640605681224939e-06,0.00013736784917822302,0.000771071249057468,1.4557812393948187e-06,4.982610879946787e-05,0.0002857111238442925,2.698455284848619e-07,9.776599365982907e-06,5.640017784026376e-05,2.674841213986799e-08,1.052911737477095e-06,7.156706544543446e-06
265090,Banda Api,Indonesia,Bayesian update,10,0,0,Caldera,Open-vent stratocone,0.027934067171068142,0.040521311756562685,0.05708324114219151,0.027254934458282313,0.034064399553693656,0.040350389538960835,0.0003436062751949995,0.003003125043183842,0.007534864159926898,0.0001611594548602616,0.0016124453253780766,0.004261650741539638,0.00012567202450597422,0.001321628884580854,0.0034878809836465566,4.869495822459372e-05,0.0005197129497262644,0.0014484557181175704
260010,Barren Island,Indonesia,Bayesian update,14,0,0,Large cone,Open-vent stratocone,0.04349205767933485,0.05605751774699333,0.07224980265904847,0.04283840209029334,0.05005459674127,0.056838632850189565,0.0003821399967926844,0.0032540176114605754,0.007917402039959671,0.00017004112632462687,0.00171972189161143,0.004580234997937102,7.372617288627697e-05,0.000745041871022511,0.0020767334588965088,2.7748293037918623e-05,0.00028413963162881244,0.0008367993120656171
275050,Bas Dong Nai,Philippines and SE Asia,Analogue,0,0,0,Small cone,Distributed cones and fields,2.287866280586435e-05,0.0008310458295391204,0.0051534340908539755,2.0625256498904893e-05,0.0007494923343944021,0.004656809155112731,2.039635722385393e-06,7.336614296399033e-05,0.00044569273974987976,1.9393544709307354e-07,7.425924295407264e-06,4.572193874036505e-05,1.848482573269463e-08,6.869281875157088e-07,4.533155708570705e-06,1.3503117482924054e-09,7.449969780507255e-08,6.771015424288827e-07
264010,Batur,Indonesia,Bayesian update,25,0,0,Caldera,Open-vent stratocone,0.0748368567328683,0.09947777571716954,0.1290456692028952,0.07332612070967191,0.08683104773950268,0.09825087739101875,0.0008438309332748306,0.006337553240843915,0.014784645613187968,0.00033075597465873123,0.0030371326225297982,0.007542571015018693,0.0002538765443970376,0.002421814070912376,0.006148898569374334,8.227257086578647e-05,0.0008502280433807601,0.002318676614295462
268073,Bibinoi,Indonesia,Analogue,0,0,0,Large cone,Open-vent stratocone,6.633787982468887e-05,0.002072658732500224,0.011861729683651666,6.005759601915405e-05,0.0018729870267984795,0.010739498177538602,4.3208714138696224e-06,0.00013894817979741872,0.0007735580884174123,1.64804285803978e-06,4.978185404221794e-05,0.00028383619506814993,2.8236441432923384e-07,9.898117556688406e-06,5.7860765538130824e-05,2.9005119296179978e-08,1.043554305419139e-06,6.976457089371127e-06
272080,Biliran,Philippines and SE Asia,Bayesian update,1,0,0,Large cone,Semi-plugged stratocone,0.001758848001581115,0.004988150999034275,0.010159884157900896,0.0016093531281336992,0.0033777735643643774,0.005320513684802556,8.060048231134434e-05,0.0008683070028167968,0.0025842104676220647,4.419749655496656e-05,0.0004706609019685756,0.0014307438423212834,1.576164261192119e-05,0.00017353898651322234,0.0005239565626822382,8.935251969183702e-06,9.787054337130167e-05,0.0003004596004727543
273010,Bulusan,Philippines and SE Asia,Bayesian update,20,0,1,Large cone,Open-vent stratocone,0.07723301618943319,0.09550655370095061,0.11830470281887158,0.07618310734099287,0.08644236269478901,0.09575754717386206,0.0006680634581672144,0.005353302265038095,0.01262753269771346,0.0002577055449074729,0.002402151907783503,0.0062557863216233505,8.119083322202687e-05,0.0008423465472855961,0.002343856352126265,4.294901214360826e-05,0.0004663902860544006,0.0013199802735464354
264001,Buyan-Bratan,Indonesia,Analogue,0,0,0,Caldera,Large caldera,0.0002698608540583818,0.0029149341272436415,0.011770790468733975,0.000226764222618044,0.0024593975719030634,0.009943026459886612,2.4413494075647394e-05,0.00025140207685538205,0.0010247261558072912,1.0076633433105859e-05,0.0001083674510166017,0.0004242800561121599,7.314552963647575e-06,8.197929551315738e-05,0.0003246315834373141,1.2919509679370103e-06,1.3787731955437069e-05,5.4126213490597566e-05
272050,CabalÃ­an,Philippines and SE Asia,Analogue,0,0,1,Large cone,Semi-plugged stratocone,6.0851277890205256e-05,0.0020779823994453825,0.011999448721903028,5.427904057691325e-05,0.0018781571420916961,0.01088951601758365,4.697053242174935e-06,0.00013745897421556323,0.0007569789871049776,1.5352628941008569e-06,5.124329916480068e-05,0.0002867557727043394,3.1157298755179624e-07,1.0120250847260527e-05,5.924691082255396e-05,2.834818946441362e-08,1.0027331260615272e-06,6.951033687506708e-06
273090,Cagua,Philippines and SE Asia,Bayesian update,1,0,0,Large cone,Semi-plugged stratocone,0.0017189052715232548,0.00494865420619043,0.0099442020406307,0.001575512924578579,0.003401525433924268,0.005363479987548962,8.32929089018929e-05,0.0009083876581749137,0.0026865555602120636,4.230127036511332e-05,0.0004383212294972964,0.0012938492679391497,1.7798167677669558e-05,0.0002004198845939518,0.0006003172249305259,0.0,0.0,0.0
274010,Camiguin de Babuyanes,Philippines and SE Asia,Bayesian update,1,0,0,Large cone,Semi-plugged stratocone,0.001741968496270562,0.0048268119458363,0.009608250582800012,0.001602883234273808,0.003368637753295693,0.00528076172709374,8.95198916737435e-05,0.0008976724078670047,0.0026543425655833203,3.7616121391455895e-05,0.00042394958449769435,0.0012535065351630423,1.1949248931554408e-05,0.00013655220017590836,0.00041963975495990847,0.0,0.0,0.0
271080,Camiguin,Philippines and SE Asia,Bayesian update,4,0,0,Large cone,Semi-plugged stratocone,0.011736400113808488,0.019105007195280816,0.029163845978548125,0.011374536690517521,0.015602612768119802,0.01962911139444231,0.0002328188970551419,0.0021906975863071826,0.005802659400207827,9.182313682789148e-05,0.0008949932434609577,0.0025092389225375763,2.8600288271466265e-05,0.00031742903356487526,0.0009313866082940775,8.621101136468418e-06,9.927456382800073e-05,0.00029144965306633223
263170,Cereme,Indonesia,Bayesian update,5,0,0,Large cone,Semi-plugged stratocone,0.01319162299025488,0.020192797796066385,0.029861503488372,0.012831774331435408,0.01687340377344677,0.02091487811198812,0.00021280752960166254,0.0019203933069352067,0.005003464057970587,0.00010208161700900132,0.0009405850536804137,0.0026122786608917337,3.429556049172258e-05,0.0003368252355645797,0.0009814235970079987,1.0663951717085985e-05,0.00012159042643941132,0.0003494590605135612
266010,Colo,Indonesia,Bayesian update,2,1,0,Large cone,Well-plugged stratocone,0.005449987729119788,0.010066664638699516,0.016788043830157372,0.00524032485889927,0.007922495031449647,0.01076126367373647,0.00010820616628386473,0.0010849052666501982,0.0030268618599386212,7.504727273602924e-05,0.0007642842570450535,0.002136512339758033,2.6409431200624673e-05,0.0002949800835546166,0.0008634059567242481,0.0,0.0,0.0
272010,Cuernos de Negros,Philippines and SE Asia,Analogue,0,0,0,Large cone,Well-plugged stratocone,6.947144103612522e-05,0.0020400642745888008,0.011817543532708159,6.316566352196729e-05,0.0018452011798760853,0.01069774401305148,4.426754954335522e-06,0.0001340393116039021,0.0007669261183786956,1.5488503578863219e-06,5.0222420142403196e-05,0.00028702608972796905,2.956771502304553e-07,9.539494554507284e-06,5.847665433102684e-05,3.449505170562915e-08,1.0618684119027087e-06,7.370657218987676e-06
261210,"Daun, Bukit",Indonesia,Analogue,0,0,0,Large cone,Well-plugged stratocone,5.998102627036322e-05,0.0020793025445899143,0.011866385922982286,5.362583482838585e-05,0.0018807387158670309,0.010716782404368403,4.235042952815204e-06,0.00013745095949542236,0.0007939779203959789,1.7481813596665318e-06,5.000120820761869e-05,0.0002909995082155291,3.4240655791827896e-07,1.0053037837860476e-05,5.767375985979381e-05,2.9560571577355823e-08,1.0586231819820102e-06,6.952330142580879e-06
261230,Dempo,Indonesia,Bayesian update,28,0,0,Large cone,Open-vent stratocone,0.09139882126731567,0.11092284801550802,0.13513638383059348,0.09012281880667887,0.1011215183738899,0.11132334454621721,0.0008305179768650616,0.005829155180308196,0.013552729971663768,0.0003013048834195507,0.002525139974495344,0.006320591633554315,8.9362470984256e-05,0.0009327503788920206,0.002514371056725299,5.481712936793207e-05,0.0005142841079225502,0.0014253466224328798
274020,Didicas,Philippines and SE Asia,Bayesian update,5,0,0,Large cone,Semi-plugged stratocone,0.015434452566938518,0.023739089544831178,0.0346258666905706,0.015011191831506118,0.019787479926631685,0.024284794671225955,0.0002795632436729214,0.0024911048227456304,0.006285681925470861,0.000107346626233331,0.0010741975920183712,0.0029451664825191014,3.6350865526148815e-05,0.00038630720343549264,0.0011102236113546807,0.0,0.0,0.0
263200,Dieng Volcanic Complex,Indonesia,Bayesian update,23,0,0,Large cone,Semi-plugged stratocone,0.07301183296286205,0.09130638052444069,0.11347881521493389,0.07164861544902495,0.08140879684695156,0.09083498378587768,0.0009790286885221304,0.006365453644741639,0.013491747632000695,0.00028056975207035905,0.002488854977451051,0.006261498837557243,8.438361939062776e-05,0.0008471924129122246,0.0023279154519141214,1.9235453853971916e-05,0.00019608264238422213,0.0005626695075841378
268010,Dukono,Indonesia,Bayesian update,3,0,1,Large cone,Open-vent stratocone,0.009095723796458385,0.014757921101275278,0.022843171825462184,0.008822283629357823,0.012053786865125524,0.015295697145314046,0.00014418548919332817,0.0013727603414131055,0.003749570301586162,6.71834075199835e-05,0.0006903012874077537,0.001954469308812443,4.2043624503400595e-05,0.00043800094770151597,0.0012453915285221666,2.0027645883851095e-05,0.0002030716596273809,0.0005980435412273672
264100,Ebulobo,Indonesia,Bayesian update,6,0,1,Large cone,Semi-plugged stratocone,0.01778135562653332,0.02651203045994347,0.038105538954498516,0.01733985667384872,0.02225399287080837,0.027012231992231375,0.0002711724642611019,0.0024848536126264014,0.006170656523772933,0.00011650664100162117,0.00118915199178878,0.0032504478098445188,3.84865885916092e-05,0.0004252900661966152,0.0012076845579146918,1.533325883026471e-05,0.00015874191852330467,0.0004645180707349938
264160,Egon,Indonesia,Bayesian update,4,0,0,Large cone,Semi-plugged stratocone,0.00983435899363916,0.01607115943039899,0.024763051068773013,0.009524022814098178,0.013167381673302888,0.01680371150567722,0.00019259499464462652,0.00170930340750124,0.004543427053300016,8.851418512151213e-05,0.0008820366860478533,0.0025181543490149835,2.922699977484391e-05,0.00031243766354700905,0.000897758160780795,0.0,0.0,0.0
263140,Galunggung,Indonesia,Bayesian update,3,2,0,Large cone,Semi-plugged stratocone,0.010454094966537798,0.016650440824832743,0.025058952945006065,0.010139985445009844,0.013713352490060898,0.017285765857083104,0.00019051372497725137,0.0017423993489158187,0.004479695890019607,8.558006540032191e-05,0.0008177646463464383,0.0022021245863214716,2.9073900309856984e-05,0.00027698243716243505,0.0008022700418128543,8.941830840522528e-06,9.994190234715255e-05,0.00028909656976903097
268060,Gamalama,Indonesia,Bayesian update,50,0,1,Large cone,Open-vent stratocone,0.16987057827767385,0.199472215417699,0.23450087944425455,0.1677821829586579,0.18420707796646069,0.19912777487714745,0.001370527674505054,0.009166501812007873,0.01996090967204618,0.000506765311968751,0.004058268979261839,0.009847510999386232,0.00014121854841547463,0.0013471890341787487,0.003652519971982188,6.988378412668464e-05,0.0006931776257898589,0.0019121639236925104
268040,Gamkonora,Indonesia,Bayesian update,11,1,0,Large cone,Open-vent stratocone,0.035264667014965785,0.04625732640894998,0.060736104894039536,0.0347183329512867,0.04114263345893662,0.04719347498601436,0.0003258893156759926,0.0029272753536853514,0.007570018244592927,0.00014018479891015563,0.0013876852919311791,0.0037124944003195026,5.772657408934824e-05,0.0005613138818453431,0.00157075669662272,2.253337500358974e-05,0.00023841842255148177,0.0006893605664900287
263060,Gede-Pangrango,Indonesia,Bayesian update,20,0,0,Large cone,Semi-plugged stratocone,0.06253057031263161,0.07956967197634068,0.10054257181427506,0.06125508770060103,0.07041026222926923,0.07927834128962442,0.0009021163692772128,0.005788915545003296,0.0125840310339354,0.0002633356852664504,0.002324630411035008,0.005786341484787155,8.600573671107919e-05,0.0007999402061036907,0.0021904306249165267,2.4024820775838665e-05,0.00024592358492945985,0.0007034273810115464
263130,Guntur,Indonesia,Bayesian update,22,0,1,Large cone,Open-vent stratocone,0.07299340233414464,0.08972954409680259,0.11079645054155324,0.07204981035094973,0.08143222349631674,0.09019349538922079,0.0005750916332555778,0.0046966783902921486,0.011066329068631352,0.00023424005642417518,0.0022077355238681465,0.005667317385100732,8.565866410764253e-05,0.0008754824858673065,0.002436617947096097,4.8601629407511276e-05,0.0005174242004582594,0.0014326907515042656
265030,Gunungapi Wetar,Indonesia,Analogue,0,0,0,Large cone,Semi-plugged stratocone,6.682583902787884e-05,0.002021180566068342,0.011659256292859944,6.044491331249113e-05,0.0018289118649812074,0.010519402520354635,4.535008699363772e-06,0.0001315868035143328,0.0007938076714412481,1.5009439524015367e-06,4.988157235949616e-05,0.00028068090242155735,3.17572636748212e-07,9.753824691438365e-06,5.838598190229353e-05,2.7400426874181313e-08,1.0465005218673822e-06,6.979216740209397e-06
275001,Hainan Volcanic Field,Philippines and SE Asia,Analogue,0,0,2,Small cone,Distributed cones and fields,2.537280594232594e-05,0.0008403848796150493,0.005200748770817654,2.2989099140590817e-05,0.0007552977550214598,0.004701615924692136,2.1621404692400535e-06,7.674513644107412e-05,0.00044821933273535096,2.004432243097896e-07,7.561695799807042e-06,4.565701355317688e-05,1.9710914335940006e-08,7.069639825271511e-07,4.569303513312408e-06,1.41219384933559e-09,7.332837018132073e-08,6.871963236780518e-07
275040,Haut Dong Nai,Philippines and SE Asia,Analogue,0,0,0,Small cone,Distributed cones and fields,2.0515407850789e-05,0.0008408891336948749,0.004953725800158878,1.8151183379657206e-05,0.0007598258180971933,0.004466414635278685,2.1299230844899946e-06,7.285576602293785e-05,0.00043780382872451085,2.1473044738870572e-07,7.438927481273243e-06,4.415470377783209e-05,1.8380085579016748e-08,6.972995598306332e-07,4.678502697969363e-06,1.1908536740724609e-09,7.132253363992279e-08,6.741296798810739e-07
268052,Hiri,Indonesia,Analogue,0,0,0,Large cone,Semi-plugged stratocone,7.19272747870222e-05,0.0020527135763246987,0.011514855281482515,6.538271125536682e-05,0.00185689825131295,0.010387308787913014,4.5050552319956315e-06,0.00013613066800820364,0.0007770610839937103,1.671748036927584e-06,4.8517274852443204e-05,0.0002854766293298626,3.384378953110888e-07,1.014475468742681e-05,5.792981077347202e-05,2.9322367421070534e-08,1.022627463674783e-06,7.078969472456631e-06
261280,Hulubelu,Indonesia,Analogue,0,0,0,Caldera,Well-plugged stratocone,0.0002842463534354478,0.0030230302796016933,0.011584172647697268,0.00024079649746591906,0.002565527914816744,0.009781032971869037,2.4124578210621745e-05,0.00025472243358077386,0.0009994874479517355,1.0328321676428245e-05,0.00010759785757960308,0.00042437369083815586,7.754700300877267e-06,8.163710684615987e-05,0.00032220453176384556,1.2422557816014344e-06,1.354496677841284e-05,5.707400527449379e-05
261200,Hululais,Indonesia,Analogue,0,0,0,Large cone,Semi-plugged stratocone,6.0594679646030335e-05,0.0020596851547034414,0.011616060960810541,5.416545099164305e-05,0.001861834535947344,0.010481763159711752,4.64173760956799e-06,0.00013603110423565632,0.000786402821540408,1.4614462397185019e-06,5.10160171468407e-05,0.00028286728775198154,2.987584162186915e-07,9.783560191993658e-06,5.7841986183357826e-05,2.7286388882095798e-08,1.0199371816065233e-06,7.185705623042464e-06
268030,Ibu,Indonesia,Bayesian update,5,0,0,Large cone,Open-vent stratocone,0.013857789133431388,0.02030630716590092,0.02932033516964255,0.013557060449784412,0.017328393505168613,0.021219211702078973,0.0001619900262813595,0.0015699133769581442,0.0041106829173661605,8.464607222638842e-05,0.000842325107858816,0.0023634507112218965,3.85339210989971e-05,0.0003950983189458585,0.0011295885632099374,1.555866404022881e-05,0.00017057685696948791,0.0004974012757655831
263350,Ijen,Indonesia,Bayesian update,8,0,0,Large cone,Large caldera,0.02295868486519262,0.03259669508401244,0.045506699995383905,0.02243407435427697,0.027820974178908213,0.033044583207355184,0.00032693568023248773,0.0027028523311307673,0.006749205625222787,9.255447756527901e-05,0.0009733722799638954,0.0026533034981629754,5.683127182036268e-05,0.0005882291219187861,0.0016250558374347798,4.8289081297518086e-05,0.0005112671720907817,0.001434551827208182
264220,Iliboleng,Indonesia,Bayesian update,20,0,0,Large cone,Open-vent stratocone,0.06425905894966068,0.07946201926385436,0.0988462746958197,0.06336237392837278,0.07196050815628914,0.08035871422337827,0.0005679059125875033,0.004314580281634982,0.010118387929131237,0.00022083496326242433,0.002011005680639542,0.0051389618445589575,6.960886562035393e-05,0.0007615279369556212,0.0020782291491260744,3.8335279817612974e-05,0.0004143972083350827,0.001151981549625156
264240,Ililabalekan,Indonesia,Analogue,0,0,0,Large cone,Semi-plugged stratocone,7.120864776917723e-05,0.0021378696391668784,0.012073264740257762,6.453033903825746e-05,0.0019411811361196379,0.01094787294639526,4.655306781418653e-06,0.00013483247758564409,0.0007760194756943442,1.686935894575441e-06,5.113797925270347e-05,0.0002856306478734632,3.0545610688989413e-07,9.70453855667674e-06,5.644437203988586e-05,3.0609948035772376e-08,1.0135076522164965e-06,7.297298254807197e-06
264170,Ilimuda,Indonesia,Analogue,0,0,0,Large cone,Semi-plugged stratocone,6.403537633797777e-05,0.0021123132378373906,0.012114501101263222,5.777975270458752e-05,0.0019138244930297134,0.010973378147985484,4.331560078838603e-06,0.00013783521603504394,0.0007902696204649503,1.5547300766393646e-06,4.980452992127258e-05,0.0002850839043116955,3.428576093801671e-07,9.80301329352766e-06,5.8747406916246526e-05,2.6475868532127067e-08,1.0459855578326595e-06,7.022021584845666e-06
264250,Iliwerung,Indonesia,Bayesian update,13,0,0,Large cone,Semi-plugged stratocone,0.038557423343953026,0.051874482118828266,0.06835447983184038,0.03773203680931857,0.045240763808206685,0.05224667743144631,0.0005640400482760455,0.004175194798511866,0.009577814750449293,0.00018972837527582898,0.001722499703254702,0.00448286631976568,5.9628260057233674e-05,0.000614658856577219,0.0016934796016978095,1.1989851025347892e-05,0.00012136495227779563,0.0003536417284812907
264090,Inielika,Indonesia,Bayesian update,2,0,0,Large cone,Well-plugged stratocone,0.0036705954475097025,0.007956988485109862,0.01433064121718237,0.003465873091178945,0.005902204963256359,0.008454194075899719,0.00010670117107603402,0.001082323435180789,0.003040661209388347,6.9856697692498e-05,0.0007000846140056603,0.0020169034762938846,2.8164487562225524e-05,0.0002723754726670532,0.0008188824556004186,0.0,0.0,0.0
264080,Inierie,Indonesia,Analogue,0,0,0,Large cone,Open-vent stratocone,6.646481487832217e-05,0.0020165444852591288,0.011620913188289617,6.005657996732117e-05,0.0018214045750387926,0.01050115093524148,4.333195432483261e-06,0.00013516018878415075,0.0007675745791588771,1.7274587883842273e-06,4.88699898105903e-05,0.0002877559894000781,3.199625303127869e-07,1.0069906239662815e-05,5.73226971268729e-05,2.761815982072917e-08,1.0398253859322388e-06,7.1089873623092176e-06
274060,Iraya,Philippines and SE Asia,Analogue,0,0,1,Large cone,Semi-plugged stratocone,6.492697145221818e-05,0.002068317611948839,0.011563215108878052,5.821522508833912e-05,0.0018692403260221855,0.010443159238721108,4.624010670609566e-06,0.00013938639408544933,0.0007782672607853189,1.7409645370884734e-06,4.890873679524248e-05,0.00027924509242004104,3.1748535211468974e-07,9.725486297826146e-06,5.523318812440757e-05,2.9285804066333015e-08,1.0566687481355948e-06,7.310328827175676e-06
273041,Iriga,Philippines and SE Asia,Analogue,0,0,0,Large cone,Semi-plugged stratocone,6.44528968288007e-05,0.0020147387620273686,0.011713807503487541,5.815644512894187e-05,0.0018182833838481047,0.010587205883556716,4.154614240438947e-06,0.00013599350822161567,0.0007776801167245934,1.7402253187271117e-06,4.935993019640061e-05,0.00028579471139225334,3.708651605959784e-07,1.008727055451059e-05,5.590624114702828e-05,3.0746980096792656e-08,1.014669206736948e-06,7.220550666949586e-06
273042,Isarog,Philippines and SE Asia,Analogue,0,0,0,Large cone,Semi-plugged stratocone,6.292181831853482e-05,0.0020758660666437617,0.011818125516021414,5.679515592700852e-05,0.0018778337774338235,0.01069529993583706,4.290412241715753e-06,0.00013713293143694872,0.0007737364003932781,1.513335219825322e-06,5.0028182639547017e-05,0.00028517697744092913,2.917444711769339e-07,9.843492958755368e-06,5.6910708481320224e-05,3.117045880827728e-08,1.0276821746875848e-06,7.0014938688249e-06
264110,Iya,Indonesia,Bayesian update,7,0,0,Large cone,Semi-plugged stratocone,0.019325642730979663,0.028232287733430693,0.0401051155554254,0.018868421525543112,0.023933039283537343,0.028826539728969244,0.00026850023823272567,0.0024686672810110347,0.0061829360783745785,0.00012941413175330814,0.001243282062830318,0.003424316412522262,4.221458373297392e-05,0.0004118837243037662,0.0011776371872181772,1.709225171754087e-05,0.0001754153817482304,0.0004936861483411365
263330,Iyang-Argapura,Indonesia,Analogue,0,0,0,Large cone,Semi-plugged stratocone,6.444823497966224e-05,0.0019917629265510596,0.011520857311165386,5.776648429991114e-05,0.0017954580523054267,0.010388322950808682,4.553304812635468e-06,0.00013574081445165716,0.0007837766088388593,1.8002761497996414e-06,4.958956230162456e-05,0.0002842218462022344,2.98761850644373e-07,9.933063603171566e-06,5.743928979466167e-05,2.9407866671631963e-08,1.0414338891796857e-06,7.096615520948516e-06
268051,Jailolo,Indonesia,Analogue,0,0,0,Large cone,Semi-plugged stratocone,7.205484624765283e-05,0.002062508792271396,0.011665440960667604,6.585652184678596e-05,0.0018657102352316805,0.010532093686525863,4.230158971557192e-06,0.00013660285597251711,0.0007817132158807025,1.617398937152497e-06,4.915022298977061e-05,0.00028833089787222037,3.2086437090788374e-07,1.000441254617742e-05,5.632779238368899e-05,2.99021212492884e-08,1.0410655312501027e-06,6.975368005128899e-06
261220,Kaba,Indonesia,Bayesian update,11,0,0,Large cone,Semi-plugged stratocone,0.032595265061920765,0.04385649921189709,0.058209196135300574,0.03194720592139288,0.038288240687987876,0.04444235746101164,0.0004301712123040694,0.003482802331638228,0.00816608602850899,0.00015208722755386225,0.0014298510333248362,0.0037868173079142844,5.44133321203553e-05,0.0005342227276729808,0.001466718871188368,1.138736854960457e-05,0.00012138243127316622,0.00034721646667729155
271061,Kalatungan,Philippines and SE Asia,Analogue,0,0,0,Large cone,Semi-plugged stratocone,6.934093221937346e-05,0.002071516368680532,0.012308166708040085,6.264386917261793e-05,0.0018746306096844734,0.011167452220788089,4.6595477011010215e-06,0.00013703509038774355,0.0007964048946243082,1.662635345015692e-06,4.9248851815377023e-05,0.00027970230737803264,3.457590850032616e-07,9.588267396960035e-06,5.738521613977511e-05,2.912091563554857e-08,1.0135493959782395e-06,7.2220691098818675e-06
272020,Kanlaon,Philippines and SE Asia,Bayesian update,29,0,0,Large cone,Semi-plugged stratocone,0.109848342545985,0.1351887962246396,0.1649824057223189,0.10770227367753706,0.12088170985291048,0.13335686810271974,0.0015863781469009056,0.009350650855425188,0.019179319456583813,0.00042757573885855303,0.0036537984491174028,0.008844019861605126,9.942377838001699e-05,0.0009587889057107461,0.002627436620386801,3.269120430846651e-05,0.0003438481614758053,0.0009747616810234126
263020,Karang,Indonesia,Analogue,0,0,0,Large cone,Semi-plugged stratocone,6.87449668264535e-05,0.002064884253685003,0.011549986828215819,6.240354629995436e-05,0.0018697726631949083,0.010418785614326768,4.472525915235688e-06,0.00013604007544738353,0.000781755581017035,1.4662295816940386e-06,4.791976845699785e-05,0.00028332003453873504,3.712840288842494e-07,1.0060740951062996e-05,5.8596422838991745e-05,3.138100068516333e-08,1.091005634650335e-06,7.529175494288705e-06
267020,Karangetang,Indonesia,Bayesian update,54,0,0,Large cone,Open-vent stratocone,0.1809356942261497,0.21310658463703908,0.25021208972342773,0.1784067767120671,0.19606321166613444,0.21187084323391123,0.0017791634637402214,0.010667871304789618,0.022651794658075708,0.0005409003895319526,0.004414392939257704,0.010473611274744082,0.0001523175260088618,0.0013782121519849205,0.0036147082606039684,5.653613480157126e-05,0.000582896574872413,0.0016011322960927344
263281,Kawi-Butak,Indonesia,Analogue,0,0,0,Large cone,Semi-plugged stratocone,5.592400838163618e-05,0.002024378096328892,0.011831996403998376,5.01054649569863e-05,0.0018317821022851744,0.010710445428092543,3.964581310525457e-06,0.00013261916337364697,0.0007752112198779514,1.5211101947482262e-06,4.924173794011775e-05,0.0002832443192818431,3.0357640559625704e-07,9.678606049650814e-06,5.564928538639202e-05,2.9275513779946883e-08,1.05648668030209e-06,7.446151359647788e-06
264140,Kelimutu,Indonesia,Bayesian update,3,0,0,Large cone,Well-plugged stratocone,0.006535615475493235,0.011824474571334962,0.019596833249839338,0.00627696353014028,0.009276660389879135,0.0125058001142361,0.00013009286138620697,0.0012652827153570943,0.0033830543231938978,8.962399381995181e-05,0.00088986220763135,0.0025530728630567953,2.7574740721960294e-05,0.00027775659590664737,0.0008141628103714329,1.1360349424835623e-05,0.00011491266256073517,0.00034074313898110843
263280,Kelut,Indonesia,Bayesian update,14,8,0,Large cone,Semi-plugged stratocone,0.05768370414067167,0.07317271898195192,0.09202263705824609,0.056592726777230644,0.06510613493313333,0.07332658981519288,0.0007702131298183384,0.005164039780664332,0.011275814525202113,0.0002414473619117255,0.0020321867731284944,0.00499431000433815,5.946977420165376e-05,0.0006622664445364234,0.0018300419907250932,1.9847097509307562e-05,0.00020809105048933007,0.0005958807227878475
263110,Kendang,Indonesia,Analogue,0,0,0,Large cone,Semi-plugged stratocone,6.232933141426665e-05,0.002082743896831468,0.011584076597749914,5.58724362036292e-05,0.001887209989189779,0.010442357089073954,4.450538903354221e-06,0.00013561196878365302,0.0007897437718551724,1.6869160387720227e-06,4.90845872621834e-05,0.00028506288827728944,2.9107089624322794e-07,9.781200393454174e-06,5.953012593540398e-05,2.8369372267986084e-08,1.056151202398321e-06,7.382722608092598e-06
261170,Kerinci,Indonesia,Bayesian update,36,0,0,Large cone,Open-vent stratocone,0.11974627884654117,0.14254544489223275,0.17014413560183606,0.11824489162363531,0.13087181538228576,0.1424647408728184,0.0009868228946652718,0.006897138736929608,0.015628043094982218,0.00034793421638150683,0.003097692527292214,0.007490563375915059,0.00012022565823663726,0.0011587348930456654,0.0031258697336341425,4.640445362244425e-05,0.0005200633526795209,0.0014349185244862288
266120,Klabat,Indonesia,Analogue,0,0,0,Large cone,Semi-plugged stratocone,6.752183057927276e-05,0.0020525356418555664,0.011898339912800029,6.108510695021008e-05,0.0018545483482752861,0.010785868332124896,4.519897093861326e-06,0.00013734210610649229,0.0007667167502287713,1.6016474500863199e-06,4.959133533000296e-05,0.0002819851036256355,2.858373893370098e-07,1.0010494670023145e-05,5.6781105867064366e-05,2.9341695778026206e-08,1.0433574737621662e-06,6.9886209536616034e-06
262000,Krakatau,Indonesia,Bayesian update,44,1,0,Caldera,Large caldera,0.13913303816191266,0.177439978239244,0.22170261828484716,0.13516472837486765,0.1543661085143979,0.17191344001672706,0.002814824298865425,0.012864853311190916,0.02446440104406396,0.0004920822688450727,0.004638731726532293,0.011445807920556985,0.0004538752540697837,0.003768169442749898,0.009247747914124936,0.0002075279652647545,0.0018021152443730192,0.004631221389374195
273080,Laguna Caldera,Philippines and SE Asia,Analogue,0,0,0,Caldera,Large caldera,0.00029315335660208585,0.0029556582381071177,0.011464013758426948,0.00024793188026404325,0.0024984739291419437,0.009669668896591191,2.5786437798844483e-05,0.00025463710953380785,0.0010038004348904932,1.0529196843723554e-05,0.00010792113388351281,0.0004235237397195471,7.69057497663692e-06,8.074607722704354e-05,0.0003115601150926938,1.2152667188376466e-06,1.3879988320809797e-05,5.5460572133025825e-05
263320,Lamongan,Indonesia,Bayesian update,41,0,0,Large cone,Semi-plugged stratocone,0.13490358115112724,0.1616036693554442,0.19290920431017083,0.13192716162986767,0.14575072544607814,0.1590534736829392,0.002332200832279616,0.010402167867560298,0.020009226074264086,0.0004777918520661719,0.0038699843416310498,0.009427714911357894,0.00012508461153110277,0.0011716491105135136,0.0032360495752465327,4.13422253826732e-05,0.0004091425896611998,0.001182740066363122
263260,Lawu,Indonesia,Bayesian update,1,0,0,Large cone,Well-plugged stratocone,0.0014358857875197088,0.0040854389891535805,0.00851864795847001,0.0013143424839874443,0.002803079287670365,0.004524430185964229,5.804341704588803e-05,0.0006052827729303304,0.001877358738928879,4.3464935613364496e-05,0.0004576687746991281,0.0014301710926789468,1.2529930947712124e-05,0.00013834685075324847,0.0004388266734956029,7.505019925299633e-06,8.106130310050878e-05,0.00024786126740235464
271031,Leonard Range,Philippines and SE Asia,Analogue,0,0,0,Large cone,Well-plugged stratocone,6.348957768576972e-05,0.002051641903229476,0.011685698051931122,5.756759270521164e-05,0.0018543444634560018,0.010557840784128369,3.997010366427973e-06,0.0001364731148514496,0.0007773356643605016,1.5801901147961644e-06,4.941366805927327e-05,0.0002857349463655312,3.141677913059094e-07,1.0357876796020914e-05,5.7798293539336424e-05,3.061670802804367e-08,1.0527800667300924e-06,6.988363537385815e-06
264200,Leroboleng,Indonesia,Bayesian update,4,0,0,Large cone,Semi-plugged stratocone,0.010268442644356597,0.016161206848178695,0.024339024655368868,0.00998063992911228,0.013405762640093296,0.01683001735087423,0.00017943761845714884,0.001618645221487829,0.004229289548490098,7.045519937327576e-05,0.0007203665965302129,0.002062954084315238,3.007243053444933e-05,0.00033138888491714944,0.0009702910070514718,7.8374668794438e-06,8.50435051502075e-05,0.00024647266463783015
264180,Lewotobi,Indonesia,Bayesian update,21,0,0,Large cone,Semi-plugged stratocone,0.06597606169783862,0.08336896578110654,0.10506822391085022,0.06474740573846785,0.07421683336573744,0.08354278328533228,0.0008721077495400221,0.005777893514350537,0.012655965336946092,0.0002459203640317011,0.0022669382666779554,0.005760102976995049,7.510444898988277e-05,0.0007618789318041627,0.0021503767898280782,3.552339680916782e-05,0.00034542170253643733,0.0009589955217487304
264230,Lewotolo,Indonesia,Bayesian update,8,0,0,Large cone,Semi-plugged stratocone,0.02265221193338325,0.03211981378053598,0.04471816710868599,0.022129956138227734,0.027537149649838465,0.03280201354573053,0.00034328057035096324,0.002814048389861096,0.006970165327681032,0.00012672127609941503,0.001225343895206993,0.003358411017750126,3.548430987801243e-05,0.00037380013475810895,0.0010899255243262043,1.676963882713006e-05,0.0001694717108713161,0.0004976516931980983
266100,Lokon-Empung,Indonesia,Bayesian update,29,0,0,Large cone,Open-vent stratocone,0.09514933991979932,0.11468692966856317,0.1387942088186263,0.09401229582077358,0.10507034488298822,0.11532950388872955,0.0007109516066134908,0.005559972572069713,0.012914478144499973,0.00028716917747787017,0.002648382410817116,0.0067025434791984,0.00010478494867337863,0.0010572750257684775,0.002855504222587713,3.413836626099716e-05,0.0003509547769196404,0.0009921790836106936
261111,Lubukraya,Indonesia,Analogue,0,0,0,Large cone,Semi-plugged stratocone,6.18657267392785e-05,0.002028567708152076,0.011733278582397684,5.5563964080134514e-05,0.0018310578579995743,0.010578301886223832,4.288709502175473e-06,0.00013728757457918755,0.0008016175373737535,1.6559368121889087e-06,4.9404196880726786e-05,0.00028897186372226733,3.2519441272412596e-07,9.772128340785154e-06,5.7178632871543203e-05,3.192193205548212e-08,1.0459503518023954e-06,7.208662206286095e-06
275020,Ly Son Group,Philippines and SE Asia,Analogue,0,0,0,Small cone,Distributed cones and fields,2.4055773920643448e-05,0.0008393469852134645,0.005007815440164264,2.1852842251475944e-05,0.000759968647043785,0.0045172712285518135,1.9902288482271734e-06,7.139887945384412e-05,0.00044018718747592674,1.9327424853037853e-07,7.2345833156412665e-06,4.506458241423419e-05,1.8064022526277038e-08,6.692455363774897e-07,4.607046775519848e-06,1.3645498836774044e-09,7.562986381655436e-08,6.853949467700214e-07
272070,Mahagnao,Philippines and SE Asia,Analogue,0,0,0,Large cone,Semi-plugged stratocone,6.44790667968558e-05,0.002036993035944375,0.011456663088777793,5.85020243214717e-05,0.0018400058306258364,0.010289920528422085,4.060369807370582e-06,0.00013465191287410265,0.0008052352956162615,1.5782241930673363e-06,5.1333231621637876e-05,0.000295963789321185,3.1208505349401194e-07,9.984422107499363e-06,5.861040614028668e-05,2.6363421452166583e-08,1.0176387152986189e-06,6.933069277975477e-06
266110,Mahawu,Indonesia,Bayesian update,6,0,1,Large cone,Semi-plugged stratocone,0.017755764111616466,0.026338854296169893,0.03796537905864061,0.017312784598619815,0.022151490486141463,0.026900373995080152,0.00028234100086248437,0.0025419933801927867,0.006491716299814868,9.985629706249314e-05,0.0010155545007388188,0.002794300926520781,4.244524248928244e-05,0.00043845459108903776,0.001227879845540411,1.8336972582394173e-05,0.00019136133800778634,0.000551107991684393
271040,Makaturing,Philippines and SE Asia,Bayesian update,1,0,1,Large cone,Semi-plugged stratocone,0.002368861340712844,0.006535147555732507,0.012643442153464163,0.002170995184810097,0.004539350101252867,0.006799683603836296,0.0001230056695418809,0.0012157791355217155,0.0034987049538997383,5.080268104567727e-05,0.000519749448374019,0.0015588008014210328,2.405780531518876e-05,0.00026026887058390436,0.0007862527943070945,0.0,0.0,0.0
268070,Makian,Indonesia,Bayesian update,4,3,0,Large cone,Semi-plugged stratocone,0.015544818276047584,0.02265764248510448,0.03224612601566276,0.01520889864564396,0.019426335356398528,0.02372001368466874,0.0002145241801367311,0.002014343887682668,0.005169785618870468,8.943989185571615e-05,0.0008868049576319823,0.0024212432469916116,3.195555841117725e-05,0.000330158283391301,0.0009350834651319412,0.0,0.0,0.0
271071,Malindang,Philippines and SE Asia,Analogue,0,0,0,Large cone,Semi-plugged stratocone,7.076586355110175e-05,0.0020516570508678504,0.011713254085147158,6.41894146787902e-05,0.0018468419966880334,0.010575835150806748,4.435002058784981e-06,0.00014280618162862315,0.0007820628991196997,1.8166886916811298e-06,5.107850739755542e-05,0.0002917162861392672,2.980911536969755e-07,9.90024871984633e-06,5.657089504803664e-05,2.666696814846987e-08,1.030116433792212e-06,7.068854033406542e-06
273044,Malindig,Philippines and SE Asia,Analogue,0,0,0,Large cone,Semi-plugged stratocone,6.120391137858868e-05,0.002022586914727143,0.011716774845033235,5.4982941491554555e-05,0.0018224621565862188,0.010574574549652344,4.278355756426747e-06,0.0001389640978999222,0.0007914594768702511,1.6036943332005548e-06,5.030408328586082e-05,0.0002866321699221267,3.13171515788087e-07,9.80646811438586e-06,5.697206387575486e-05,2.5748281618728657e-08,1.0501088407549577e-06,7.13658471275823e-06
261121,Malintang,Indonesia,Analogue,0,0,0,Large cone,Semi-plugged stratocone,6.725937705250848e-05,0.0020851893017585104,0.01192703274111774,6.0888935506294376e-05,0.0018871370290631465,0.010792723807149112,4.590097934163529e-06,0.000138289905292544,0.0007915076927679112,1.4573110899256125e-06,4.9003636634395224e-05,0.0002756964532803087,2.963014904776961e-07,9.708355257281945e-06,6.000863834821677e-05,2.673103164725912e-08,1.0503755111427908e-06,7.096149572193576e-06
272030,Mandalagan,Philippines and SE Asia,Analogue,0,0,0,Large cone,Semi-plugged stratocone,6.535432818614795e-05,0.002068889816827126,0.011753232069163738,5.89325863469681e-05,0.0018740173672282781,0.010628752230268384,4.610297640275654e-06,0.00013358046905402327,0.0007784472220239081,1.4337823452477999e-06,5.028187134547127e-05,0.0002812596966000016,3.4899422946674066e-07,9.966225082908464e-06,5.7746758517745466e-05,2.866762418964682e-08,1.04388411644469e-06,7.026161753698019e-06
265080,Manuk,Indonesia,Analogue,0,0,0,Large cone,Semi-plugged stratocone,6.870270812889051e-05,0.002056982087539347,0.011620911787079411,6.256046027907984e-05,0.001858057234936674,0.010509656485378051,4.197081429542772e-06,0.00013768099848039767,0.0007606553186041299,1.5990156260327692e-06,5.0626751123709996e-05,0.00028676127415273807,3.1900850805612005e-07,9.611922979944516e-06,5.6897749227149344e-05,2.7142286179006293e-08,1.0051800186206008e-06,6.9409597173421196e-06
261140,Marapi,Indonesia,Bayesian update,64,0,1,Large cone,Open-vent stratocone,0.21660362113179016,0.2543324725534908,0.2972200628610791,0.21380125233808628,0.2344381377008512,0.25234171513811066,0.0019512493931794078,0.01250864144747112,0.02657300521194308,0.0006216920181437815,0.005069478473545643,0.012124248767664205,0.00016536344574892187,0.0016651231837114318,0.004402390923452603,6.406393663178102e-05,0.0006510917479114152,0.0017787028199085582
268062,Mare,Indonesia,Analogue,0,0,0,Large cone,Distributed cones and fields,6.198055642613385e-05,0.002075632210727635,0.011587971071496887,5.547287677038796e-05,0.001877337468154131,0.010469841058596961,4.40854828839505e-06,0.00013569098796805865,0.0007634581802681822,1.7328857455820696e-06,5.1863018154280706e-05,0.0002908795417000603,3.3627480457075525e-07,9.686798076515052e-06,5.661414601487829e-05,2.9970817198005124e-08,1.0539383746498634e-06,7.178144916803565e-06
273081,Mariveles,Philippines and SE Asia,Analogue,0,0,0,Large cone,Semi-plugged stratocone,6.186611928246172e-05,0.002080991786274934,0.011928918923130338,5.561474846303492e-05,0.0018849705171254051,0.010791031917594451,4.363620604549806e-06,0.0001365786746090398,0.0007888968355513613,1.5529381538903134e-06,4.839890220838116e-05,0.0002844928269597826,3.070552745065982e-07,9.988781849266786e-06,5.720208987763106e-05,2.7756786480098307e-08,1.0549104828413303e-06,7.295253147112112e-06
273031,Masaraga,Philippines and SE Asia,Analogue,0,0,0,Large cone,Semi-plugged stratocone,6.68750657656764e-05,0.0020225301269251586,0.011547891761200158,6.030250553116485e-05,0.0018207329694762847,0.01041172570689207,4.640531830254839e-06,0.0001403210004537062,0.0007929687662518906,1.59104641981199e-06,5.062221726400368e-05,0.0002786456823828804,3.143311321253552e-07,9.841158527839432e-06,5.7572471007486015e-05,2.665085231938312e-08,1.0127812033246357e-06,6.979134665832927e-06
271020,Matutum,Philippines and SE Asia,Analogue,0,0,0,Large cone,Semi-plugged stratocone,6.360882942922732e-05,0.002005385710938284,0.011737243358680455,5.740536468262298e-05,0.0018079972799570623,0.01061724325820727,4.187805932731843e-06,0.00013599593252589765,0.0007644838005017005,1.648933128188434e-06,5.046030802320025e-05,0.00028876462407691753,3.3828402748117054e-07,9.94411106943875e-06,5.967444857430152e-05,2.8441658202899484e-08,9.880793626850913e-07,7.07722732026457e-06
273030,Mayon,Philippines and SE Asia,Bayesian update,53,2,2,Large cone,Open-vent stratocone,0.2149930305261499,0.2522553151054076,0.29501871070947755,0.2122110020253913,0.2325100437086707,0.25002282874467213,0.0019383321713052095,0.01240791482759457,0.02678550284022734,0.0006032929812401934,0.004963832776697558,0.011940850806359366,0.0001727536582509789,0.0016862145362895676,0.004386871750653584,6.764968996221088e-05,0.0006873092561551939,0.0018826565675650663
263250,Merapi,Indonesia,Bayesian update,56,2,0,Large cone,Open-vent stratocone,0.19246490615570183,0.22496490007620207,0.26279543951966067,0.19010724892324726,0.20761148823548659,0.2235715204716595,0.00155717511148561,0.010562084743403376,0.022669187236563457,0.0005951242505230276,0.004772161500028375,0.011164310648433439,0.0001491274460232983,0.001437818931910491,0.003775625651952134,5.6230424422612596e-05,0.0005813466653732285,0.0016147955110521527
263240,Merbabu,Indonesia,Bayesian update,1,0,0,Large cone,Open-vent stratocone,0.001814651876223482,0.004196436095829184,0.00815957430717381,0.0017116149115125943,0.0031178768796197975,0.004811817565552631,5.247296876833005e-05,0.000546860612551591,0.0016918987984366177,3.959284651895005e-05,0.0004130550854864702,0.0012857071217046816,1.097114942360757e-05,0.00011864351817132536,0.00037015082147987915,0.0,0.0,0.0
268063,Moti,Indonesia,Analogue,0,0,0,Large cone,Semi-plugged stratocone,6.920363321094507e-05,0.002019609088461981,0.011366347945927118,6.324057074783099e-05,0.0018241102668322463,0.010219142813330518,4.102123120945296e-06,0.00013470841326841806,0.000796186013698658,1.5099112868697978e-06,4.971366959199974e-05,0.00028650468873645766,3.2367416221752473e-07,1.0027826912878853e-05,5.741296008072086e-05,2.7353893081473836e-08,1.0489118564381765e-06,7.1014700807634405e-06
263251,Muria,Indonesia,Analogue,0,0,0,Large cone,Semi-plugged stratocone,6.44239143514561e-05,0.002061573747629111,0.01191950983818836,5.785863793335454e-05,0.0018622262388547175,0.010785685409009059,4.5260684474516695e-06,0.00013778929835167982,0.0007840465388803469,1.6996615715813522e-06,5.050250479536535e-05,0.0002844507642327016,3.0650566382635814e-07,1.0004261583930451e-05,5.825753066395675e-05,3.304073524217058e-08,1.051444043418237e-06,7.0695954022976085e-06
271070,Musuan,Philippines and SE Asia,Bayesian update,1,0,0,Lava dome,Semi-plugged stratocone,0.001018324486525813,0.005234950382479586,0.01164163539509018,0.0007902212516988429,0.002918760797812705,0.004987260133876575,0.00010851055706432738,0.0011143034436243396,0.0031064338849691123,8.701017125178517e-05,0.0008482371355204004,0.002457507739829519,2.381752142601416e-05,0.00025683984800247935,0.0007971132412949354,8.764985084843334e-06,9.680915751966107e-05,0.0002933203951200393
260001,Narcondum,Indonesia,Analogue,0,0,0,Large cone,Semi-plugged stratocone,6.691431672972113e-05,0.0020970437572904615,0.011853831889846077,6.0655064192582376e-05,0.00190304217893382,0.010739093955996187,4.393765207634944e-06,0.00013267663736956503,0.0007667142249777411,1.5605221528706565e-06,5.0320947096181347e-05,0.000281741800944681,2.731022948551671e-07,9.964421538191157e-06,5.927275657562415e-05,3.18628817779963e-08,1.0395723527044356e-06,7.00915135184458e-06
273082,Natib,Philippines and SE Asia,Analogue,0,0,0,Large cone,Large caldera,6.328756687900148e-05,0.0020773294119353393,0.012045203039167153,5.714538092736532e-05,0.0018809824519317622,0.01090833781565227,4.185986628977337e-06,0.00013663883225616206,0.0007828561874425354,1.6209445707582073e-06,4.911912424028823e-05,0.000287704408212367,3.0957002102171703e-07,9.538728065755117e-06,5.9187757846340655e-05,2.5684730878903963e-08,1.0502754413712567e-06,7.1168700136409345e-06
265060,Nila,Indonesia,Bayesian update,4,0,0,Large cone,Semi-plugged stratocone,0.01007758012603542,0.016199349214671466,0.02476190645734249,0.009783542449862315,0.013297503015393604,0.016828803602485138,0.00017390679799182473,0.0016668919060660262,0.004405679457314106,7.200539598501541e-05,0.0007269507693613768,0.002046156860054844,3.2905761378713234e-05,0.0003386180498558197,0.000975209047536084,1.5219720817552383e-05,0.00016938547399464007,0.0005060574899523191
264150,Paluweh,Indonesia,Bayesian update,8,0,0,Large cone,Semi-plugged stratocone,0.02261832893791291,0.032197361096818575,0.044761291501777656,0.022067089445804294,0.027406738028242096,0.03265560799950785,0.00035270902370661364,0.0029514782091276653,0.007089352438422922,0.00013358434268779095,0.0011709628878328084,0.003154117840915487,5.086480827481236e-05,0.0005201808986520214,0.0014342367811997906,1.4081317439401465e-05,0.00014800107296397756,0.00042797644173160664
263100,Papandayan,Indonesia,Bayesian update,4,0,0,Large cone,Semi-plugged stratocone,0.01026019318973791,0.01625678406734304,0.02465811686973048,0.009966283074600953,0.013377957162152624,0.016863356781968118,0.00016848814531403547,0.001620577964696677,0.004181259437382539,8.50972323405971e-05,0.0008311392513796016,0.002376942984191842,2.928821066988414e-05,0.00030727953589440484,0.0008892375617048527,1.1036526812440187e-05,0.00011983015321973396,0.00034732010448312525
271011,Parker,Philippines and SE Asia,Bayesian update,0,2,0,Large cone,Well-plugged stratocone,0.0012609756046239899,0.002896270028429043,0.005792935236802386,0.001189629964571636,0.0021743767575742616,0.00355677925413671,3.724012820647731e-05,0.00035794978907492366,0.0010943594864405953,2.2826048251411023e-05,0.00024464515204908604,0.0007631390856831534,8.499627354248999e-06,8.992458096940671e-05,0.00028314670994808287,2.77983624021655e-06,2.9373748761365117e-05,9.551070059384405e-05
261231,Patah,Indonesia,Analogue,0,0,0,Large cone,Semi-plugged stratocone,6.347025091518175e-05,0.0020870659538434694,0.011476349176125613,5.668052031731601e-05,0.0018868264213625933,0.01035150403012644,4.659787626076567e-06,0.0001375272478209792,0.0007723408622632265,1.7263475121642436e-06,5.122869347078196e-05,0.00028560378537515147,3.736036046308872e-07,1.0437602477396816e-05,5.9805148032543865e-05,2.999185499405365e-08,1.0459887117177173e-06,7.095350328250597e-06
273087,Patoc,Philippines and SE Asia,Analogue,0,0,0,Large cone,Semi-plugged stratocone,6.874458388764603e-05,0.0020877227074635536,0.011714320664416657,6.228032109217488e-05,0.001887986864281548,0.010572285924794882,4.269090369739465e-06,0.00013861543253650176,0.000793511539948452,1.845353258118064e-06,5.003594562565195e-05,0.0002829107685334878,3.19149572582084e-07,1.0008535078915146e-05,5.8611169013771415e-05,3.066959503152811e-08,1.0759299409362297e-06,7.001262126063051e-06
263070,Patuha,Indonesia,Analogue,0,0,0,Large cone,Semi-plugged stratocone,6.422655140540134e-05,0.0020593168813584396,0.01191972209998382,5.801823078619427e-05,0.0018620080164373433,0.010792536885034159,4.2700285500353986e-06,0.00013715280088310707,0.0007782363084661079,1.6276855098987828e-06,4.9007461676344134e-05,0.0002866111750812519,2.8312642844830763e-07,1.0114924115396895e-05,5.518605229966438e-05,2.748013082458723e-08,1.0336782462483412e-06,7.151679102636168e-06
263291,Penanggungan,Indonesia,Analogue,0,0,0,Large cone,Semi-plugged stratocone,6.797163213235322e-05,0.002071587622016933,0.01147399909099985,6.121896149431916e-05,0.001872301152874367,0.010330867886954432,4.817132806662866e-06,0.00013786302136522925,0.000792076134634186,1.5796237989791174e-06,5.017151671053187e-05,0.0002852474166904424,3.2371015771434753e-07,1.0186652821993204e-05,5.82820335083366e-05,3.220387467773465e-08,1.0652782448115699e-06,7.525619212451595e-06
263040,Perbakti-Gagak,Indonesia,Bayesian update,6,0,0,Large cone,Semi-plugged stratocone,0.01620162958294866,0.0241824783901431,0.03487490534304178,0.015790892669720162,0.02033512131525196,0.024809453946876833,0.00025488397799453287,0.002226370454974621,0.005573634981262062,0.00010159319264313766,0.0010258769230878288,0.0028073558646093746,4.332569257651755e-05,0.00047885253100276307,0.001338437835511193,1.0934050014309577e-05,0.00011625716582592044,0.00034602271478232006
261030,Peuet Sague,Indonesia,Bayesian update,7,0,0,Large cone,Semi-plugged stratocone,0.019251170902511244,0.028261179473861486,0.039976989357517714,0.018798641170777734,0.023859779779209334,0.028709846492272192,0.00029290232382650754,0.0027073850813179416,0.006573809087750243,0.00010727084027090443,0.0011140520685365158,0.0030490916897783354,3.9241375348405236e-05,0.00043223430864397527,0.0012161294634368458,1.3115192287695209e-05,0.00014772823615371694,0.00042811262428009536
273083,Pinatubo,Philippines and SE Asia,Bayesian update,2,2,0,Large cone,Well-plugged stratocone,0.0070704582415467695,0.012192527425502137,0.019492192891885928,0.006816372563245436,0.009737091261348235,0.012818208200938024,0.00012486456290614883,0.001209008679569325,0.003220166649295458,8.95443177756849e-05,0.0008296933574973904,0.002246495410318779,2.9774538372360666e-05,0.0003100159082513252,0.000887151492151002,9.902259247140324e-06,0.00010671821883586138,0.0003201711391826631
273020,Pocdol Mountains,Philippines and SE Asia,Analogue,0,0,0,Large cone,Semi-plugged stratocone,6.336327247205249e-05,0.0019882842376940002,0.011731124244796578,5.725675724166001e-05,0.0017906908882515866,0.010628025990978208,4.173847092735124e-06,0.00013678711001327229,0.000744322286446864,1.5902245997933692e-06,4.973381417990419e-05,0.00029298490161202255,3.145366152518314e-07,1.0008037201583119e-05,5.849789078160439e-05,2.7906922612139698e-08,1.0643880476542858e-06,7.29317497787776e-06
275080,Popa,Philippines and SE Asia,Analogue,0,0,0,Large cone,Semi-plugged stratocone,6.543648298822049e-05,0.002064875853304519,0.011521543625279206,5.9327174509181583e-05,0.0018650404471164932,0.01041268817636969,4.005624200576774e-06,0.00013911866334019886,0.0007610585105526576,1.7242798053324211e-06,4.957194226193783e-05,0.0002822164732380067,3.4904344214481876e-07,1.007989402937014e-05,5.865231363487442e-05,3.0361030984897094e-08,1.0649065565188219e-06,6.92815148397874e-06
263010,Pulosari,Indonesia,Analogue,0,0,0,Large cone,Semi-plugged stratocone,6.134995778532532e-05,0.0019968815253400113,0.011707093261331392,5.542537206446389e-05,0.0018020873752071143,0.01058346717779842,4.0664416541599675e-06,0.00013379200422764255,0.0007654715497010335,1.521515938005375e-06,4.984153889682194e-05,0.0002925763712358978,3.0551481517530007e-07,1.007751876808997e-05,5.8276493826176595e-05,3.1113313520778255e-08,1.0830882403426328e-06,7.301668769865916e-06
271060,Ragang,Philippines and SE Asia,Bayesian update,6,0,0,Large cone,Semi-plugged stratocone,0.01924368579882288,0.028640022850690623,0.04105954345500314,0.018763135234907233,0.024011058787828297,0.028980575494648497,0.0003013422109438208,0.0027536196990267372,0.006844723145414908,0.00011196265260801947,0.0011921817618462988,0.0032651358181018646,4.1609469689353926e-05,0.0004327438184662049,0.0012435595152652525,2.5636230674452118e-05,0.00025041878352308693,0.0007255494815726202
261290,Rajabasa,Indonesia,Analogue,0,0,0,Large cone,Semi-plugged stratocone,6.53838852688547e-05,0.0020837652230421876,0.011558336407251289,5.904685239970901e-05,0.0018873540570779408,0.010448181199449682,4.344112918848269e-06,0.00013621710858351604,0.0007691201315293202,1.651411415710539e-06,4.909297378392071e-05,0.00027673341229071696,3.137835930231296e-07,1.0058609060125345e-05,5.707925583020846e-05,2.7724941563744346e-08,1.0424745366845006e-06,7.222408151360423e-06
264071,Ranakah,Indonesia,Bayesian update,2,0,0,Lava dome,Semi-plugged stratocone,0.0027190441005252417,0.008280162238006088,0.016127128910309443,0.002417765267276656,0.005365611091064851,0.008203862337959495,0.00016005349592349677,0.0015205404633544836,0.004024377059459654,0.000116407407783324,0.001137433232830149,0.0031516119394810267,2.481792954176466e-05,0.0002565774507566035,0.0007472775734092697,0.0,0.0,0.0
261251,Ranau,Indonesia,Analogue,0,0,0,Caldera,Large caldera,0.00028137970625630854,0.002949855785817426,0.012003163614400821,0.00024178445698614645,0.0024966116470072847,0.010154524537478128,2.1638533962089244e-05,0.00025261822679376153,0.0010320526966403145,9.471203067925098e-06,0.00010660303086756044,0.00044100984989484327,7.309988133536847e-06,8.01100446818051e-05,0.0003193569100815385,1.17552410661088e-06,1.3912836467014247e-05,5.621962030599671e-05
263340,Raung,Indonesia,Bayesian update,56,3,2,Large cone,Open-vent stratocone,0.19778015683598932,0.23178243487073852,0.2705330526117879,0.1952339720246219,0.21400720937821582,0.23038774874007695,0.0017159447361459836,0.010830776517286783,0.023131249484490708,0.0005925031930623702,0.0047131146663982795,0.011119493140487671,0.00016780127895429887,0.0015377986020565497,0.003975749957672843,6.99356032047887e-05,0.0006935357067810594,0.0019188112890597396
266040,Riendengan-Sempu,Indonesia,Analogue,0,0,0,Caldera,Well-plugged stratocone,0.00027680317799921465,0.002934668623821497,0.011957699086172833,0.00023424374933821358,0.0024805466972834724,0.010121320740806999,2.347428845501136e-05,0.00025374438970817337,0.0010375200818711228,9.843715605875562e-06,0.00010765128815764022,0.0004194932202565071,8.06789836951386e-06,7.908282429028754e-05,0.00032454587989054565,1.173526230600287e-06,1.3643424381923644e-05,5.481916334765978e-05
264030,Rinjani,Indonesia,Bayesian update,17,0,0,Large cone,Open-vent stratocone,0.05373817350068265,0.06770791434434291,0.0853309333136095,0.05298134370589496,0.061045633464101814,0.0685300467380385,0.00044516962473160394,0.003743846634342318,0.008966071686190938,0.0002064494409535882,0.0018797875151423944,0.004938313533588468,6.773566879937354e-05,0.000675707438822874,0.001885283764718772,3.747506030312006e-05,0.0003629392919334964,0.0010112175910728086
267010,Ruang,Indonesia,Bayesian update,11,1,0,Large cone,Semi-plugged stratocone,0.034062043836304304,0.0461334925967561,0.06124339236170472,0.03335722900359514,0.04024988646405188,0.046732772161350127,0.0004633284097053972,0.003645124294270471,0.00859440202853692,0.00018281456778195215,0.0016179024673472803,0.004160302636984003,4.736425700247986e-05,0.0005046602390217778,0.001423640185631112,1.1307598219327412e-05,0.00011591913206469001,0.0003322753492025605
263050,Salak,Indonesia,Bayesian update,5,0,0,Large cone,Semi-plugged stratocone,0.013029072907471524,0.0202496210772117,0.03031532937302819,0.012643752570280945,0.0167220161117142,0.020905559983160696,0.00023278792548437523,0.0020438370475598846,0.0052494669300413585,0.00010101004771123433,0.0009554076857675614,0.002652985170575263,3.994964203765651e-05,0.00040734750031486285,0.0011604457136760258,1.1572721957312916e-05,0.00012101273185519273,0.000346871575574848
273060,San Pablo Volcanic Field,Philippines and SE Asia,Analogue,0,0,1,Large cone,Distributed cones and fields,6.604158127745538e-05,0.002087758895489863,0.011791083533344408,5.950004226501588e-05,0.00189174460104712,0.010646626499470414,4.587987451962474e-06,0.00013575660320778074,0.000794728276330854,1.555632184618245e-06,4.935736092711351e-05,0.000285335734380383,3.7195921154094266e-07,9.88897693410976e-06,5.724159374557194e-05,2.5960164317846074e-08,1.0113533737390798e-06,7.151429417185633e-06
264050,Sangeang Api,Indonesia,Bayesian update,18,0,0,Large cone,Open-vent stratocone,0.05655771120736224,0.07171279089751115,0.09095409324186227,0.05569413596310696,0.06429058883210988,0.07232585034007633,0.0005382518282889288,0.00431219188870735,0.010333654329542107,0.0002171238795568314,0.0020262910600145805,0.005281273583843145,7.235876160983889e-05,0.0007138096747024488,0.001967631948674273,3.584077479968467e-05,0.0003699094419768954,0.0010456830397264144
264060,"Sano, Wai",Indonesia,Analogue,0,0,0,Caldera,Well-plugged stratocone,0.0002772060476597616,0.003024300219571758,0.011672908927639922,0.00023507680567841138,0.002569447358042365,0.009852895137184396,2.4130939170068786e-05,0.00025217518589367295,0.0010252328179242698,9.534120575160107e-06,0.00010920118389183344,0.000417975911411369,7.1862863209531955e-06,7.970366696816352e-05,0.00032074581807580577,1.2778959151681485e-06,1.3772824775723358e-05,5.6059243044081456e-05
261131,Sarik-Gajah,Indonesia,Analogue,0,0,0,Small cone,Open-vent stratocone,2.4298401007424132e-05,0.0008308045089880042,0.005008318412830129,2.1891265058163678e-05,0.0007475978376288246,0.004499878898059794,2.183129131788249e-06,7.492887148135386e-05,0.0004573843459985511,2.02700680457528e-07,7.513539227948537e-06,4.558921887584174e-05,1.9917116634163323e-08,6.909731525906628e-07,4.804908973587123e-06,1.3890203805123173e-09,7.328749728652478e-08,6.610409223557443e-07
261260,Sekincau Belirang,Indonesia,Analogue,0,0,0,Caldera,Semi-plugged stratocone,0.0002658853460010973,0.0029759714402446706,0.011757792488063452,0.00022389054648454834,0.002515640356031794,0.009942861676269512,2.326385713153086e-05,0.00025680146539867,0.0010150778537076203,1.0409672295465388e-05,0.00010856215958563522,0.00043167576697870506,7.109401472266508e-06,8.154267848521837e-05,0.00031256706196235455,1.2118686172861362e-06,1.3424780743352824e-05,5.561012914526007e-05
263300,Semeru,Indonesia,Bayesian update,62,0,0,Large cone,Well-plugged stratocone,0.19052362695342348,0.23270311709897779,0.2812782318204638,0.18559379113888805,0.20918403623973048,0.23407014413620764,0.0034108144546676194,0.013649383100336542,0.02545561010262725,0.001273836180258051,0.007639014588666539,0.015940423237852316,0.0002075612797306432,0.0018396019801604905,0.004695117936171471,3.7623899879108724e-05,0.00039108119008377125,0.0011169364076051471
265070,Serua,Indonesia,Bayesian update,6,1,0,Large cone,Semi-plugged stratocone,0.01797672631498727,0.026341088194167035,0.037506987715177145,0.017530585306342023,0.02224547682982215,0.02697518403091711,0.0002816477216182384,0.0024696419284179105,0.006039392506708198,0.00010863857294249667,0.0010255501211680583,0.002777180938700277,4.2522059431508214e-05,0.0004629022455490148,0.0013085934648054559,1.3332654653005417e-05,0.00013751706920990146,0.00040663677404610655
261020,Seulawah Agam,Indonesia,Bayesian update,1,0,0,Large cone,Semi-plugged stratocone,0.0016639539310206437,0.004122310541605008,0.00823965270631471,0.001555973840911703,0.00299280929017361,0.004733744215797746,6.0757733010559465e-05,0.0006535992803106715,0.002012698116363223,3.649989401453593e-05,0.00035704232013165145,0.0011255849436676887,1.0722463083845537e-05,0.00011885965098907524,0.0003676254304860526,0.0,0.0,0.0
261110,Sibualbuali,Indonesia,Analogue,0,0,0,Large cone,Open-vent stratocone,7.316564838222222e-05,0.0020347215565328976,0.011828502092572626,6.672116979811124e-05,0.0018329069319419256,0.010681921629756787,4.525320287403176e-06,0.00014035055637975365,0.0007913334067908759,1.5627246038747992e-06,5.062910279612962e-05,0.0002881667567741935,3.2632159487205714e-07,9.727854175041022e-06,5.9615741876027594e-05,3.011209796094817e-08,1.10711124004773e-06,7.464557374741512e-06
272040,Silay,Philippines and SE Asia,Analogue,0,0,0,Large cone,Semi-plugged stratocone,6.871296629982968e-05,0.0020656011432065306,0.01201220422142243,6.275217471375521e-05,0.0018678322876698266,0.010881590864627592,4.027980328452972e-06,0.00013778180651732614,0.0007814706310033534,1.6283296995107888e-06,4.902544359368727e-05,0.0002846380423883449,2.755275141569705e-07,9.953177298351755e-06,5.745370883441095e-05,2.8954043953742244e-08,1.0084281273389434e-06,7.050974568728874e-06
261080,Sinabung,Indonesia,Bayesian update,1,1,1,Large cone,Semi-plugged stratocone,0.0044229397438058345,0.008721543760368962,0.015077935762713298,0.004230856320370622,0.006686935474885218,0.00925806113116339,0.00011380377291564726,0.0011789775473923503,0.0033140198830915657,5.162182766096678e-05,0.0005818022422025278,0.0016910258615044343,2.6657822858598123e-05,0.00027382849588886593,0.0008148288869539069,0.0,0.0,0.0
261070,Singkut,Indonesia,Analogue,0,0,1,Caldera,Well-plugged stratocone,0.00028099775402656987,0.0029867047802315987,0.011635204037634052,0.00023825647455373504,0.002531968250731222,0.009815697451890449,2.413420775675861e-05,0.00025245857940474174,0.0010176912617661672,1.0078730587054418e-05,0.00010685098439684394,0.000424816798444362,7.337905565910077e-06,8.195191183748554e-05,0.0003224200286275973,1.1904355631117793e-06,1.3475053861305177e-05,5.457849690547559e-05
275100,Singu Plateau,Philippines and SE Asia,Analogue,0,0,0,Small cone,Distributed cones and fields,2.0996186000934405e-05,0.0008256740894248959,0.004988173209564848,1.8596124639604535e-05,0.0007405475406796726,0.00448302134912395,2.172440947828447e-06,7.695981752335636e-05,0.0004544835562615369,2.0899884029553944e-07,7.4338814437005824e-06,4.544274220250692e-05,1.7310162705518295e-08,6.59818607837051e-07,4.543160823664779e-06,1.311410500366309e-09,7.303117032920343e-08,6.824011531909238e-07
264270,Sirung,Indonesia,Bayesian update,9,0,1,Large cone,Semi-plugged stratocone,0.027644375893287967,0.03818922159001496,0.05198667941338517,0.027052292171299723,0.033008124034166475,0.03876502668123509,0.0003999372634158858,0.0032440698352097074,0.007898772689223359,0.00013771805050636387,0.0013558946238103697,0.003624791439797162,3.626932918894352e-05,0.00039948792677778496,0.0011601439425580726,1.81590788770494e-05,0.00018164517005062438,0.000537944660571483
263180,Slamet,Indonesia,Bayesian update,41,0,1,Large cone,Open-vent stratocone,0.13842494466003447,0.16434526945935873,0.19508642113853117,0.13668586203966548,0.15107407536556478,0.16389619838225072,0.0011166236373282932,0.007741623361898167,0.017260800498894682,0.0004264912952020437,0.0036423065591752795,0.00887175755253785,0.00013769759100279495,0.0013230387812393552,0.0035208364131300374,5.827009683588222e-05,0.0005642253914811738,0.0015368282917178943
266030,Soputan,Indonesia,Bayesian update,39,0,0,Large cone,Open-vent stratocone,0.12855275552287176,0.1542386817906327,0.1851509612469433,0.12675691749824974,0.14077347466946782,0.1538045687354187,0.001211115301221004,0.008213073060721778,0.018262053485455353,0.0003954222264414995,0.0035021455108091362,0.008407600726054414,0.00013413224659429332,0.0012223651059296904,0.0032226649159468232,5.516825036521445e-05,0.0005276234437042704,0.0014540733840679913
261120,Sorikmarapi,Indonesia,Bayesian update,7,0,0,Large cone,Open-vent stratocone,0.020282069950067743,0.028273169637259822,0.03885124756275182,0.019923276534449683,0.0246507522764463,0.02927371974622484,0.00021051796840727775,0.0020988001280275465,0.005371219118973498,0.00010182573726863673,0.001019127186105198,0.0027737052673126,3.244536001515463e-05,0.00035516437736483425,0.0010014823052949423,1.4004349926986642e-05,0.00014932566931594136,0.0004311211249459463
264120,Sukaria Caldera,Indonesia,Analogue,0,0,0,Caldera,Well-plugged stratocone,0.00027717970882738016,0.0029862259374699293,0.011517569002753632,0.00023537021865559376,0.0025300985705358396,0.009708108176000358,2.3465925497436988e-05,0.0002552463559576947,0.0010088967549610878,9.919912984659448e-06,0.00010624956622128852,0.00042784221874425036,7.211661279325493e-06,8.084734854698776e-05,0.0003168043933118526,1.2119904103644981e-06,1.3784096208118458e-05,5.5917459736084854e-05
263220,Sumbing,Indonesia,Analogue,0,0,0,Large cone,Semi-plugged stratocone,6.202455409841797e-05,0.002040221072833106,0.011823115767438858,5.585890425281582e-05,0.0018453099780593616,0.010661292982429663,4.218794398278485e-06,0.00013371832933553525,0.000804844645098343,1.5982156453297987e-06,5.0071135677562476e-05,0.00028963966375392206,3.209232777198693e-07,1.0090166472703044e-05,6.0051011453329385e-05,2.771652427400122e-08,1.0314632879435383e-06,7.2874647035989e-06
263210,Sundoro,Indonesia,Bayesian update,9,0,0,Large cone,Semi-plugged stratocone,0.025979974903696346,0.03612352954890973,0.049295843563556686,0.025405575474153362,0.03114764391965097,0.036670189246741244,0.0003676068477558483,0.002999336659244526,0.007328438467392566,0.0001520038783930005,0.0013826618474885948,0.0036124039774756964,3.89913858410883e-05,0.00042190706295698154,0.0011852179302829832,1.5797317553047932e-05,0.00017198005956866474,0.0004995939416641879
261270,Suoh,Indonesia,Bayesian update,0,1,0,Caldera,Large caldera,0.0006761756109747366,0.002461551275213402,0.005715957645903183,0.0005899251748362107,0.0015409828296199274,0.0027830723792763145,4.4425552307591584e-05,0.0004418503470685224,0.0013620934406068984,1.9142074829807184e-05,0.00021313581740762004,0.0006881552094570797,1.4517117563931011e-05,0.0001732813570727634,0.0005717491942852159,8.165691437196212e-06,9.230092404456915e-05,0.00031088742227767494
273070,Taal,Philippines and SE Asia,Bayesian update,15,4,0,Caldera,Large caldera,0.056743889019977914,0.07725230712113085,0.10258037943389106,0.055307125045294954,0.06595673047690308,0.0755613888283875,0.0008566419195458548,0.005916608825509511,0.013044632726651025,0.0002597013807900728,0.0023145968162918695,0.005913071901377448,0.00022130255995264094,0.0020194413402522962,0.005267147802108242,9.911811439439418e-05,0.0010449296621740873,0.0027941381753668545
263150,Talagabodas,Indonesia,Analogue,0,0,0,Large cone,Semi-plugged stratocone,6.406178302650576e-05,0.002077424702809618,0.01191342672893959,5.746194490123584e-05,0.0018781725123418057,0.010782047597016006,4.626000916032261e-06,0.00013748433356772374,0.0007740813719481951,1.6447372294717372e-06,5.062404786920492e-05,0.0002930033299069265,2.9815831539808616e-07,1.0099689592047879e-05,5.714322929824363e-05,3.0941664367848415e-08,1.0441194388355782e-06,7.151200770219347e-06
261130,Talakmau,Indonesia,Analogue,0,0,0,Large cone,Semi-plugged stratocone,5.8022509591460596e-05,0.0020697448220130944,0.01201906453463704,5.160986699633529e-05,0.0018718339297369953,0.010886660015979913,4.4529960775016e-06,0.0001369270355481392,0.0007793694096257567,1.6368345376396884e-06,5.001117703942358e-05,0.0002862528661034256,2.9419457689827356e-07,9.930765211555583e-06,5.9583236344491804e-05,2.8617403085740543e-08,1.0419144769810299e-06,7.19900658345312e-06
261160,Talang,Indonesia,Bayesian update,13,0,0,Large cone,Open-vent stratocone,0.04028488512878398,0.05207821724768723,0.0672650505821905,0.03968683898570097,0.04661439179641695,0.05310445967322497,0.00035861051168076334,0.0030566159116801714,0.007692384513193722,0.00014485877834534143,0.0014478073590434037,0.0037877418464241247,6.55478568627644e-05,0.0006350191574357596,0.0017655365260910842,2.902899619414052e-05,0.00032438302311094016,0.0009149280232565951
264040,Tambora,Indonesia,Bayesian update,3,1,0,Large cone,Large caldera,0.009079296787951031,0.014838360480105383,0.022966009676563256,0.008789068456168296,0.01204722394949427,0.015328442168682815,0.00016928249547358405,0.0015154939523316067,0.003999949342390043,5.489700947556157e-05,0.0005909242614406357,0.0016597417288570352,3.6314960438355635e-05,0.00036952213123087583,0.0010748453617419678,2.9733866395233603e-05,0.0003151961856079923,0.0009030310748913951
263131,Tampomas,Indonesia,Analogue,0,0,0,Large cone,Semi-plugged stratocone,6.955029122629026e-05,0.0020386677462277064,0.011568886997564606,6.319023208727908e-05,0.0018402212938727588,0.010423669165947998,4.3376814804595185e-06,0.00013774721691817452,0.0007981805856523756,1.6913895694176914e-06,4.988878848121744e-05,0.00028417232652393985,3.0212782372047824e-07,9.756836901084013e-06,5.5600213690668496e-05,2.8860265413488126e-08,1.0536100544719327e-06,7.264705749623433e-06
261150,Tandikat-Singgalang,Indonesia,Bayesian update,3,0,0,Large cone,Semi-plugged stratocone,0.0070408532674966495,0.012226634292796234,0.01962534035467538,0.006794718414551516,0.009768721417733318,0.01278685349996401,0.00014623984646797887,0.0014142215091724948,0.003849285295058491,6.790943907467988e-05,0.0006726032506488744,0.0018984644253104922,2.4472785204103176e-05,0.0002840705923971209,0.0008391907635932844,7.512782198371139e-06,8.70175228444279e-05,0.0002515463707491041
266130,Tangkoko-Duasudara,Indonesia,Bayesian update,4,1,0,Large cone,Semi-plugged stratocone,0.01182614073760706,0.018426648675203845,0.02735464939059515,0.011508264646388875,0.015373621328676323,0.019144108984442503,0.00019339958027030752,0.0018352434407855793,0.004766371924788618,9.160727457780783e-05,0.0008596545807921072,0.002416014460085184,2.5762569651910737e-05,0.00028105101025474805,0.0008023473051066346,7.106666718158732e-06,7.707831469508635e-05,0.00022580671617221124
263090,Tangkuban Parahu,Indonesia,Bayesian update,17,0,2,Large cone,Open-vent stratocone,0.057202207973143196,0.07222205651039487,0.09116952539315878,0.05639411344170276,0.06495293781993258,0.07306713396354612,0.0004989773423986106,0.004275802538316864,0.010174200332016794,0.00020683749235019195,0.0019328378829298486,0.005002666028082388,7.548471331433651e-05,0.0007948942942393782,0.0021605353250059075,2.6794983377294035e-05,0.00026558397497621164,0.0007649897445075695
264260,"Tara, Batu",Indonesia,Bayesian update,2,0,0,Large cone,Semi-plugged stratocone,0.004046391442006237,0.008218366106542568,0.01430556853791399,0.003857041388867576,0.006273209312816921,0.008726613428158779,0.00010695768749343519,0.0010877699874494184,0.003086689462974558,5.7618036623501604e-05,0.0005805413558454963,0.0016841265554568855,2.4774329021724125e-05,0.00027684545043073146,0.0008081390913237685,0.0,0.0,0.0
268001,Tarakan,Indonesia,Analogue,0,0,0,Small cone,Distributed cones and fields,2.4129733257987785e-05,0.0008558390161805675,0.005027322128880874,2.2006312219775552e-05,0.0007740990394140579,0.004520558827641397,1.927425295401185e-06,7.353867602917452e-05,0.00045550453852762204,1.7788633681606054e-07,7.453709845638964e-06,4.58442420339563e-05,1.6921401562816285e-08,6.751268019265054e-07,4.744106313491927e-06,1.1880044321722866e-09,7.246408976943561e-08,6.704143644059515e-07
263231,Telomoyo,Indonesia,Analogue,0,0,0,Large cone,Semi-plugged stratocone,7.047423879821478e-05,0.00197174480393535,0.011631636038795976,6.427130164537356e-05,0.0017746683336409253,0.010494265588084788,4.2569153590869625e-06,0.00013562342403911976,0.0007905040475591136,1.6118140410429448e-06,5.0503043525457924e-05,0.00028140176472228715,3.0889596630064963e-07,9.91232439161067e-06,5.8174608499966116e-05,2.5311786410665174e-08,1.0376783382360196e-06,7.290029929818816e-06
261050,"Telong, Bur ni",Indonesia,Bayesian update,4,0,1,Large cone,Semi-plugged stratocone,0.011488470984009663,0.018417937173453212,0.02773157899471623,0.01116143353769932,0.015197063650042135,0.01907502491554502,0.00020197814112631014,0.0019530366648872221,0.0051131253493706,9.45730807253039e-05,0.0009461440777477064,0.002635768231325353,3.0486224458728716e-05,0.0003216927807761479,0.0009076604984752556,0.0,0.0,0.0
275110,Tengchong,Philippines and SE Asia,Analogue,0,0,0,Small cone,Distributed cones and fields,2.4172986146086755e-05,0.0008322092212050713,0.005151100827619851,2.193418824335804e-05,0.0007497937469562233,0.004658713684414978,2.012301853659214e-06,7.458568251663035e-05,0.00044287560774348387,2.0760642714547653e-07,7.083442163839832e-06,4.404609323465307e-05,1.738585395951824e-08,6.710940545607946e-07,4.7792231058187295e-06,1.503767964507776e-09,7.525551381699854e-08,6.862191209172855e-07
263310,Tengger Caldera,Indonesia,Bayesian update,60,0,0,Large cone,Large caldera,0.20422209506528896,0.23863678037734806,0.2786711548575442,0.19926460259678058,0.2157719545193134,0.23183784920864503,0.0040378248066846945,0.014636494802573312,0.026324331423462067,0.0005179628824281036,0.00441512238986137,0.010689750219346567,0.00019794102076244334,0.0019502081687673518,0.00501394763300083,0.00020376375863313193,0.001863000496832632,0.004805276373089719
265050,Teon,Indonesia,Bayesian update,1,1,0,Large cone,Semi-plugged stratocone,0.0030604927102789252,0.006365828321433969,0.011391292703621657,0.002907447172490133,0.004824330644802946,0.006954501026994985,9.346108518395156e-05,0.0009173013866800037,0.0025615942586220044,3.901624803642262e-05,0.0003975044105327695,0.0011824063572231857,1.4781799997047068e-05,0.00016397827953354915,0.0004969112163545712,5.786404571371083e-06,6.271359988470069e-05,0.0001958798444269091
268061,Tidore,Indonesia,Analogue,0,0,0,Large cone,Open-vent stratocone,7.226149600486537e-05,0.0021060707551310664,0.011695949970725426,6.59792845788918e-05,0.0019143205922989763,0.010544853313242392,4.2881901066259686e-06,0.00013180095172367676,0.0007993969556858801,1.6349746516821434e-06,4.88967183632257e-05,0.0002870174816680763,3.266063233759972e-07,9.991033137381897e-06,5.752012025266931e-05,3.244034428946438e-08,1.0614596078059656e-06,7.1620998764083186e-06
268071,Tigalalu,Indonesia,Analogue,0,0,0,Large cone,Semi-plugged stratocone,6.481220006771069e-05,0.0020192847087682196,0.011665857407544342,5.846211490703873e-05,0.0018215824063062473,0.010540444443767111,4.507414895448288e-06,0.0001360628439771379,0.0007769573602366904,1.4839254308087378e-06,5.076766193415194e-05,0.0002833646412407911,3.307833195670546e-07,9.798422034528413e-06,5.78413909151397e-05,2.7961514847893155e-08,1.073374516154249e-06,7.249571384609017e-06
261090,Toba,Indonesia,Analogue,0,0,0,Caldera,Large caldera,0.00029177551533632947,0.0029595141676307395,0.0119888772980574,0.0002492366224969294,0.002500654242924735,0.010164381975591937,2.3542270385208265e-05,0.00025622140005363567,0.0010190640803721352,1.032741551152267e-05,0.00010988222973273646,0.00042158736953862644,7.426214438389525e-06,7.90754606216855e-05,0.00032736962475281875,1.2429925042796256e-06,1.368083429794687e-05,5.64742478018828e-05
268020,Tobaru,Indonesia,Analogue,0,0,0,Large cone,Semi-plugged stratocone,6.928380742771129e-05,0.0020546990193591706,0.01144632339926829,6.285969878912428e-05,0.0018601171691924531,0.010329400072761896,4.556149571271415e-06,0.00013269838052093607,0.0007592612182184052,1.5186838866291167e-06,5.095754096324125e-05,0.00029265116381303226,3.2061483669208783e-07,9.904872506778837e-06,5.799992975198096e-05,2.8660343994390243e-08,1.021056175761618e-06,7.011014722973785e-06
268050,Todoko-Ranu,Indonesia,Analogue,0,0,0,Caldera,Well-plugged stratocone,0.0002651508414573068,0.002936185030769506,0.011757329661843409,0.00022362334051825454,0.002480853779962771,0.009930637382500662,2.2636346464035966e-05,0.00025358705504462483,0.0010224068235812735,9.865481807111399e-06,0.00010801336228064481,0.000432933074507466,7.678600327817217e-06,7.950042830924992e-05,0.0003159064589614789,1.3470723400876393e-06,1.4230405172215922e-05,5.544592229252806e-05
266070,Tondano Caldera,Indonesia,Analogue,0,0,0,Caldera,Large caldera,0.0002602211056287318,0.0029625591572823703,0.011571786282405688,0.00021777916725174967,0.0025127461257671542,0.009773951283857458,2.3540550328575972e-05,0.000247681184405735,0.0009905801838685539,1.0135163215239493e-05,0.00010844290290948445,0.00043335562961411075,7.431085044007855e-06,7.97200856946831e-05,0.0003186831303229453,1.335139789158784e-06,1.3968858505313537e-05,5.5216054742620594e-05
275030,Toroeng Prong,Philippines and SE Asia,Analogue,0,0,0,Small cone,Distributed cones and fields,2.0394066137085102e-05,0.000816467545021364,0.00501415237655389,1.7733838959006393e-05,0.0007310743041708772,0.004495564224647202,2.437654368544605e-06,7.69711569962321e-05,0.00046695829589631305,2.022719407956202e-07,7.665353089705025e-06,4.6259175207057195e-05,1.8899634304784024e-08,6.806337972786058e-07,4.68542568162259e-06,1.4012344337025748e-09,7.609696727089483e-08,6.852551216947579e-07
263230,Ungaran,Indonesia,Analogue,0,0,0,Large cone,Semi-plugged stratocone,6.886289708103177e-05,0.002049209824159069,0.011768633504852424,6.296100527465586e-05,0.0018521434865471742,0.010633482284031288,3.935890112432785e-06,0.000137677041878474,0.0007854792285439674,1.642544410736955e-06,4.859862148276381e-05,0.00028440517621778206,2.970585591620857e-07,9.715879852532375e-06,5.8078662439867767e-05,2.6398724044074967e-08,1.074794398124792e-06,7.188153619519433e-06
263270,Wilis,Indonesia,Analogue,0,0,0,Large cone,Semi-plugged stratocone,5.755379423432615e-05,0.0020478067763141468,0.012127271671328158,5.141058723625008e-05,0.0018483394991212338,0.010946319278627128,4.2120945005323024e-06,0.0001387454174698514,0.0008247427818189933,1.6017503113981357e-06,4.963526072728003e-05,0.00029248873116530016,2.9932576949824466e-07,1.0050892730599162e-05,5.6513494465698623e-05,3.0036416647386506e-08,1.0357062651822966e-06,7.207385251038182e-06
265040,Wurlali,Indonesia,Bayesian update,1,0,0,Large cone,Semi-plugged stratocone,0.0015729474600029352,0.004214345486976604,0.008577514889938288,0.0014386609881001937,0.0029057936372020687,0.004623043355636396,7.5450857266525e-05,0.0007026166715199768,0.0020728425556094453,3.302894600534113e-05,0.00033933167380326867,0.0010410146120659253,1.729666507159429e-05,0.00018459296359216068,0.0005792358806253188,8.510003559280874e-06,8.201054085913003e-05,0.0002613784860012028
